City_id,City,Country,Date,Lat,Lng,Max Temp,Humidity,Cloudiness,Wind Speed,Current Description
0,Ginda,IN,2021-12-05 08:07:34,30.6945,78.4932,63.01,37,30,7.14,scattered clouds
1,Sao Joao Do Piaui,BR,2021-12-05 08:07:35,-8.3581,-42.2467,72.18,89,71,5.39,broken clouds
2,Trofors,NO,2021-12-05 08:07:37,65.5333,13.4063,20.55,92,7,5.37,clear sky
3,Kruisfontein,ZA,2021-12-05 08:02:01,-34.0033,24.7314,64.29,96,100,6.2,light rain
4,Albany,US,2021-12-05 08:07:42,42.6001,-73.9662,35.55,78,88,5.91,overcast clouds
5,Vaini,TO,2021-12-05 08:07:44,-21.2,-175.2,78.96,83,40,8.05,scattered clouds
6,Solnechnyy,RU,2021-12-05 07:58:09,50.7214,136.6319,7.23,93,99,4.94,overcast clouds
7,Ushuaia,AR,2021-12-05 08:07:47,-54.8,-68.3,44.26,76,40,14.97,light rain
8,Souillac,MU,2021-12-05 07:59:13,-20.5167,57.5167,84.58,61,20,11.5,few clouds
9,Sehithwa,BW,2021-12-05 08:07:49,-20.4667,22.7167,78.12,57,100,5.48,overcast clouds
10,Victoria,HK,2021-12-05 07:56:23,22.2855,114.1577,74.17,44,93,1.01,overcast clouds
11,Yarada,IN,2021-12-05 08:07:52,17.65,83.2667,84.52,65,75,4.61,broken clouds
12,Khatanga,RU,2021-12-05 08:07:55,71.9667,102.5,-23.94,96,100,11.88,overcast clouds
13,La Romana,DO,2021-12-05 08:07:56,18.4273,-68.9728,76.73,92,8,9.64,clear sky
14,Ludvika,SE,2021-12-05 08:07:59,60.1496,15.1878,20.03,92,87,5.91,overcast clouds
15,Iqaluit,CA,2021-12-05 07:59:24,63.7506,-68.5145,6.53,71,90,27.0,light snow
16,Jackson,US,2021-12-05 08:08:01,42.4165,-122.8345,41.04,93,90,3.44,fog
17,Bengbu,CN,2021-12-05 08:08:03,32.9408,117.3608,58.87,25,1,3.29,clear sky
18,Vostok,RU,2021-12-05 08:08:04,46.4856,135.8833,8.56,93,8,5.75,clear sky
19,Grindavik,IS,2021-12-05 08:08:05,63.8424,-22.4338,39.67,81,90,37.98,overcast clouds
20,Bodo,NO,2021-12-05 08:08:07,67.28,14.405,19.78,53,0,16.11,clear sky
21,Rikitea,PF,2021-12-05 08:08:08,-23.1203,-134.9692,75.63,78,97,9.15,overcast clouds
22,Mnogovershinnyy,RU,2021-12-05 08:08:10,53.9353,139.9242,-0.42,91,98,6.78,overcast clouds
23,Mahebourg,MU,2021-12-05 08:08:11,-20.4081,57.7,84.25,67,16,13.18,few clouds
24,Cape Town,ZA,2021-12-05 08:07:46,-33.9258,18.4232,70.12,80,92,3.0,overcast clouds
25,Tezu,IN,2021-12-05 08:08:14,27.9167,96.1667,81.39,34,6,2.77,clear sky
26,Muroto,JP,2021-12-05 08:08:15,33.2833,134.15,53.29,65,21,10.25,few clouds
27,Busselton,AU,2021-12-05 08:04:06,-33.65,115.3333,85.08,40,72,21.09,broken clouds
28,Kupang,ID,2021-12-05 07:59:44,-10.1667,123.5833,79.38,83,75,3.44,thunderstorm
29,Imbituba,BR,2021-12-05 08:00:46,-28.24,-48.6703,71.82,92,93,9.89,overcast clouds
30,Mataura,NZ,2021-12-05 08:08:21,-46.1927,168.8643,50.49,98,100,2.15,light rain
31,Puerto Ayora,EC,2021-12-05 08:08:23,-0.7393,-90.3518,67.59,94,34,5.93,scattered clouds
32,Lubao,PH,2021-12-05 08:08:24,14.9167,120.55,83.14,60,69,14.9,broken clouds
33,Sitka,US,2021-12-05 08:02:37,57.0531,-135.33,30.9,92,98,4.88,light snow
34,Karratha,AU,2021-12-05 08:08:27,-20.7377,116.8463,99.82,29,6,28.12,clear sky
35,Mayo,US,2021-12-05 08:08:29,38.8876,-76.5119,44.17,70,1,0.0,clear sky
36,Atuona,PF,2021-12-05 08:08:31,-9.8,-139.0333,78.62,72,6,17.02,clear sky
37,Katsuura,JP,2021-12-05 08:00:30,35.1333,140.3,53.11,69,98,13.98,overcast clouds
38,Avarua,CK,2021-12-05 08:08:33,-21.2078,-159.775,78.85,89,20,4.61,few clouds
39,Mar Del Plata,AR,2021-12-05 08:08:35,-38.0023,-57.5575,59.88,88,100,7.0,overcast clouds
40,Dikson,RU,2021-12-05 08:08:36,73.5069,80.5464,1.69,95,100,23.26,snow
41,Palmer,US,2021-12-05 07:55:17,42.1584,-72.3287,35.37,82,20,3.44,few clouds
42,Nikolskoye,RU,2021-12-05 08:08:40,59.7035,30.7861,6.03,91,83,6.76,broken clouds
43,Barabai,ID,2021-12-05 08:08:41,-2.5833,115.3833,79.93,79,100,1.74,light rain
44,Peniche,PT,2021-12-05 08:02:08,39.3558,-9.3811,54.93,69,100,17.87,overcast clouds
45,Ancud,CL,2021-12-05 08:05:40,-41.8697,-73.8203,53.42,86,0,2.71,clear sky
46,Waipawa,NZ,2021-12-05 08:08:47,-41.4122,175.5153,65.03,72,99,11.3,light rain
47,Moron,AR,2021-12-05 08:08:49,-34.6534,-58.6198,68.0,88,67,1.01,broken clouds
48,Morro Bay,US,2021-12-05 08:08:50,35.3658,-120.8499,52.92,88,0,1.01,clear sky
49,Port Alfred,ZA,2021-12-05 08:08:51,-33.5906,26.891,71.1,91,100,24.09,overcast clouds
50,Port Macquarie,AU,2021-12-05 08:08:53,-31.4333,152.9167,67.96,77,100,10.42,overcast clouds
51,Moroni,KM,2021-12-05 08:08:54,-11.7022,43.2551,84.42,68,7,5.84,clear sky
52,Banda Aceh,ID,2021-12-05 08:08:56,5.5577,95.3222,84.34,69,73,14.88,light rain
53,Yumen,CN,2021-12-05 08:08:57,40.2833,97.2,44.76,27,93,17.76,overcast clouds
54,Nyuzen,JP,2021-12-05 08:08:58,36.9333,137.5,45.01,70,48,6.69,scattered clouds
55,Cabo San Lucas,MX,2021-12-05 08:08:41,22.8909,-109.9124,75.51,74,100,10.0,overcast clouds
56,Esperance,AU,2021-12-05 08:01:48,-33.8667,121.9,69.08,64,18,18.41,few clouds
57,Viedma,AR,2021-12-05 08:09:02,-40.8135,-62.9967,53.78,74,0,10.38,clear sky
58,Bluff,NZ,2021-12-05 08:09:04,-46.6,168.3333,50.81,66,100,14.45,overcast clouds
59,Luderitz,NA,2021-12-05 08:01:22,-26.6481,15.1594,67.33,62,0,8.05,clear sky
60,Birjand,IR,2021-12-05 08:09:06,32.8663,59.2211,50.38,29,0,4.83,clear sky
61,Bulaevo,KZ,2021-12-05 08:09:07,54.9056,70.4439,32.7,88,99,15.68,overcast clouds
62,Ribeira Grande,PT,2021-12-05 08:08:11,38.5167,-28.7,64.8,63,75,10.36,broken clouds
63,Port Elizabeth,ZA,2021-12-05 08:09:10,-33.918,25.5701,68.61,93,100,14.63,light rain
64,Rundu,NA,2021-12-05 08:09:11,-17.9333,19.7667,76.5,55,100,3.94,overcast clouds
65,Burley,US,2021-12-05 08:09:13,42.5357,-113.7928,48.11,45,1,6.91,clear sky
66,Lerwick,GB,2021-12-05 08:09:14,60.1545,-1.1494,37.4,72,96,26.04,overcast clouds
67,Oxford,GB,2021-12-05 08:09:17,51.7522,-1.256,41.92,83,75,4.0,broken clouds
68,Fortuna,US,2021-12-05 08:09:18,40.5982,-124.1573,49.42,94,90,0.0,overcast clouds
69,Morwa,IN,2021-12-05 08:09:20,22.9,73.8333,83.25,37,26,2.95,scattered clouds
70,Erdenet,MN,2021-12-05 08:09:21,49.0333,104.0833,22.77,40,0,4.34,clear sky
71,Elban,RU,2021-12-05 08:09:23,50.1018,136.5094,8.65,90,97,11.95,overcast clouds
72,Flinders,AU,2021-12-05 08:09:24,-34.5833,150.8552,66.18,65,57,7.52,broken clouds
73,Nizwa,OM,2021-12-05 08:09:25,22.9333,57.5333,76.37,39,2,6.51,clear sky
74,Tura,IN,2021-12-05 08:09:27,25.5198,90.2201,76.42,54,100,4.12,overcast clouds
75,Cherskiy,RU,2021-12-05 08:09:28,68.75,161.3,-40.76,100,96,4.65,overcast clouds
76,Buzovna,AZ,2021-12-05 08:09:30,40.5179,50.1139,55.49,54,0,25.32,clear sky
77,Hermanus,ZA,2021-12-05 08:00:41,-34.4187,19.2345,69.91,92,100,13.85,light rain
78,Chokurdakh,RU,2021-12-05 08:09:32,70.6333,147.9167,-41.84,100,59,3.76,broken clouds
79,Bida,NG,2021-12-05 08:09:34,9.0833,6.0167,80.92,27,94,2.93,overcast clouds
80,Carnarvon,AU,2021-12-05 08:09:35,-24.8667,113.6333,82.47,65,2,14.97,clear sky
81,Yellowknife,CA,2021-12-05 08:09:36,62.456,-114.3525,-11.16,96,100,11.18,overcast clouds
82,Kuytun,RU,2021-12-05 08:09:38,54.3419,101.5036,21.02,84,100,3.71,overcast clouds
83,Butaritari,KI,2021-12-05 08:09:39,3.0707,172.7902,82.98,80,100,17.22,light rain
84,Arraial Do Cabo,BR,2021-12-05 08:09:40,-22.9661,-42.0278,71.96,83,10,11.86,clear sky
85,Saint George,US,2021-12-05 07:57:06,37.1041,-113.5841,50.54,40,0,2.48,clear sky
86,Awjilah,LY,2021-12-05 08:09:43,29.1081,21.2869,61.93,57,0,9.71,clear sky
87,Booue,GA,2021-12-05 08:09:44,-0.0921,11.9385,83.28,73,100,1.92,overcast clouds
88,Erenhot,CN,2021-12-05 08:09:46,43.6475,111.9767,29.08,37,0,13.0,clear sky
89,Vredendal,ZA,2021-12-05 08:05:57,-31.6683,18.5012,65.44,65,88,5.44,light rain
90,Sibut,CF,2021-12-05 08:09:48,5.718,19.0739,88.48,34,25,3.06,scattered clouds
91,Torbay,CA,2021-12-05 08:09:29,47.6666,-52.7314,29.75,68,20,16.93,few clouds
92,Svetlogorsk,BY,2021-12-05 08:09:51,52.6333,29.7333,27.3,87,100,7.09,overcast clouds
93,Jaru,BR,2021-12-05 08:09:52,-10.4389,-62.4664,73.17,100,100,0.92,overcast clouds
94,Ilulissat,GL,2021-12-05 08:09:54,69.2167,-51.1,37.42,41,100,24.16,overcast clouds
95,Barrow,US,2021-12-05 08:09:55,71.2906,-156.7887,5.02,72,90,21.85,haze
96,Port Lincoln,AU,2021-12-05 08:09:57,-34.7333,135.8667,63.03,66,100,12.19,overcast clouds
97,Namibe,AO,2021-12-05 08:09:58,-15.1961,12.1522,74.64,65,75,3.11,broken clouds
98,Kodiak,US,2021-12-05 08:09:59,57.79,-152.4072,24.31,86,90,0.0,overcast clouds
99,Avera,US,2021-12-05 08:00:32,33.194,-82.5271,52.72,93,2,2.19,clear sky
100,Mahajanga,MG,2021-12-05 08:08:16,-15.7167,46.3167,90.66,44,31,4.56,scattered clouds
101,Fonte Boa,BR,2021-12-05 08:05:58,-2.4959,-66.2662,71.78,98,94,2.28,overcast clouds
102,Tuatapere,NZ,2021-12-05 08:10:04,-46.1333,167.6833,50.83,84,100,7.16,overcast clouds
103,Punta Arenas,CL,2021-12-05 08:10:06,-53.15,-70.9167,44.71,70,20,3.44,few clouds
104,Kenai,US,2021-12-05 08:10:07,60.5544,-151.2583,11.14,88,90,9.22,light snow
105,Lakes Entrance,AU,2021-12-05 08:10:09,-37.8811,147.981,69.57,66,59,19.66,broken clouds
106,Georgetown,MY,2021-12-05 08:09:23,5.4112,100.3354,88.9,64,20,1.01,few clouds
107,Kodinsk,RU,2021-12-05 08:02:18,58.6881,99.1844,19.92,84,100,10.42,overcast clouds
108,Palana,RU,2021-12-05 08:01:50,59.1167,159.9667,19.29,76,100,25.7,light snow
109,Key West,US,2021-12-05 08:05:23,24.5557,-81.7826,73.4,79,90,6.91,overcast clouds
110,Saint-Philippe,RE,2021-12-05 08:10:16,-21.3585,55.7679,85.59,70,1,12.97,clear sky
111,Hobart,AU,2021-12-05 08:08:45,-42.8794,147.3294,64.27,60,20,1.01,few clouds
112,Otavi,NA,2021-12-05 08:10:18,-19.65,17.3333,80.01,24,28,10.76,scattered clouds
113,Puerto Narino,CO,2021-12-05 08:10:20,-3.7703,-70.3831,75.15,99,100,3.4,overcast clouds
114,Bredasdorp,ZA,2021-12-05 08:10:21,-34.5322,20.0403,63.28,92,100,12.68,light rain
115,Udachnyy,RU,2021-12-05 08:10:23,66.4167,112.4,-29.56,81,100,21.21,overcast clouds
116,Buritama,BR,2021-12-05 08:10:24,-21.0661,-50.1472,72.27,67,100,9.31,overcast clouds
117,Castro,BR,2021-12-05 08:10:25,-24.7911,-50.0119,58.57,94,93,5.57,overcast clouds
118,Conceicao Da Barra,BR,2021-12-05 08:10:27,-18.5933,-39.7322,69.48,95,39,1.9,scattered clouds
119,Jamestown,US,2021-12-05 08:00:47,42.097,-79.2353,33.71,83,100,1.01,overcast clouds
120,Ndele,CF,2021-12-05 08:10:29,8.4109,20.6473,89.31,21,94,7.61,overcast clouds
121,Thompson,CA,2021-12-05 08:10:31,55.7435,-97.8558,-13.34,98,24,5.44,few clouds
122,Mumford,GH,2021-12-05 08:10:32,5.2618,-0.759,82.44,76,95,2.75,overcast clouds
123,Olafsvik,IS,2021-12-05 08:10:34,64.8945,-23.7142,37.56,69,100,41.23,overcast clouds
124,Caluquembe,AO,2021-12-05 08:10:35,-13.7833,14.6833,59.76,97,100,3.02,moderate rain
125,Cortez,US,2021-12-05 08:10:36,37.3489,-108.5859,41.7,80,1,6.91,clear sky
126,Whitehorse,CA,2021-12-05 08:10:38,60.7161,-135.0538,-15.9,75,8,4.0,clear sky
127,Fuling,CN,2021-12-05 08:10:40,29.7022,107.3919,64.98,55,8,2.51,clear sky
128,Mopipi,BW,2021-12-05 08:10:42,-21.1833,24.8833,82.11,45,97,6.87,overcast clouds
129,Derzhavinsk,KZ,2021-12-05 08:10:43,51.1,66.3167,25.2,85,97,4.05,overcast clouds
130,Birin,NP,2021-12-05 08:10:44,26.8865,88.0718,63.25,60,42,5.26,scattered clouds
131,Egvekinot,RU,2021-12-05 08:10:46,66.3167,-179.1667,-3.26,97,100,20.83,snow
132,Alice Springs,AU,2021-12-05 07:57:09,-23.7,133.8833,81.95,26,54,23.02,broken clouds
133,Bandarbeyla,SO,2021-12-05 08:10:48,9.4942,50.8122,81.16,62,41,20.74,light rain
134,Pemangkat,ID,2021-12-05 08:07:18,1.1667,108.9667,81.09,83,100,12.82,light rain
135,Uva,RU,2021-12-05 08:10:51,56.9908,52.1852,27.46,84,100,8.57,light snow
136,Banyo,CM,2021-12-05 08:10:52,6.75,11.8167,81.48,30,41,6.24,scattered clouds
137,Verkhoyansk,RU,2021-12-05 08:10:54,67.5447,133.385,-20.22,98,100,1.21,overcast clouds
138,Myshkin,RU,2021-12-05 08:10:55,57.7897,38.4545,5.68,87,38,5.55,scattered clouds
139,Saldanha,ZA,2021-12-05 08:10:57,-33.0117,17.9442,66.4,69,34,6.89,scattered clouds
140,Bambous Virieux,MU,2021-12-05 08:10:58,-20.3428,57.7575,85.21,68,17,13.18,few clouds
141,Amalapuram,IN,2021-12-05 08:10:59,16.5833,82.0167,91.78,67,82,4.07,broken clouds
142,Manta,EC,2021-12-05 08:11:01,-0.95,-80.7333,73.18,88,90,9.22,overcast clouds
143,Shiraz,IR,2021-12-05 08:09:38,29.6036,52.5388,56.64,26,59,0.0,broken clouds
144,Faanui,PF,2021-12-05 08:11:03,-16.4833,-151.75,81.41,62,69,11.86,broken clouds
145,Lavrentiya,RU,2021-12-05 08:11:05,65.5833,-171.0,21.25,95,100,38.25,snow
146,Hilo,US,2021-12-05 08:11:06,19.7297,-155.09,70.25,93,90,3.44,overcast clouds
147,Sorland,NO,2021-12-05 08:11:08,67.667,12.6934,27.75,63,25,11.79,scattered clouds
148,New Norfolk,AU,2021-12-05 08:11:09,-42.7826,147.0587,63.91,49,9,1.01,clear sky
149,Pevek,RU,2021-12-05 08:11:10,69.7008,170.3133,-22.54,99,93,2.62,overcast clouds
150,Salalah,OM,2021-12-05 08:11:12,17.0151,54.0924,86.09,26,0,18.41,clear sky
151,Hithadhoo,MV,2021-12-05 08:11:13,-0.6,73.0833,80.47,83,100,17.22,overcast clouds
152,Iralaya,HN,2021-12-05 08:11:15,15.0,-83.2333,76.62,88,10,7.14,clear sky
153,Tiksi,RU,2021-12-05 08:11:16,71.6872,128.8694,-14.8,94,100,0.02,overcast clouds
154,Tasiilaq,GL,2021-12-05 08:08:11,65.6145,-37.6368,30.36,90,100,59.3,snow
155,Laukaa,RU,2021-12-05 08:11:19,58.7372,29.8453,8.26,89,100,7.29,overcast clouds
156,Qaanaaq,GL,2021-12-05 08:11:20,77.484,-69.3632,9.36,68,93,7.38,overcast clouds
157,Juba,SS,2021-12-05 08:11:22,4.8517,31.5825,94.59,30,89,4.97,overcast clouds
158,Havre-Saint-Pierre,CA,2021-12-05 08:11:24,50.2334,-63.5986,23.47,57,74,10.58,broken clouds
159,Ballina,AU,2021-12-05 08:11:25,-28.8667,153.5667,69.98,93,79,13.35,broken clouds
160,Sinnamary,GF,2021-12-05 08:11:27,5.3833,-52.95,76.51,88,91,8.32,light rain
161,Bathsheba,BB,2021-12-05 08:03:05,13.2167,-59.5167,79.23,75,27,18.63,scattered clouds
162,Labuhan,ID,2021-12-05 08:11:30,-6.8844,112.2051,84.9,69,99,12.28,moderate rain
163,Korla,CN,2021-12-05 08:04:27,41.7597,86.1469,38.98,30,99,1.43,overcast clouds
164,Boddam,GB,2021-12-05 08:11:33,57.4667,-1.7833,41.38,64,100,28.59,overcast clouds
165,Kaitangata,NZ,2021-12-05 08:11:34,-46.2817,169.8464,50.94,80,100,7.47,light rain
166,Kavieng,PG,2021-12-05 08:11:36,-2.5744,150.7967,79.27,89,100,13.73,heavy intensity rain
167,Matagami,CA,2021-12-05 08:11:37,49.7502,-77.6328,-4.56,99,73,4.99,broken clouds
168,Cumberland,US,2021-12-05 08:11:39,35.0502,-78.8664,52.61,86,1,6.91,clear sky
169,Kambia,SL,2021-12-05 08:11:40,9.1167,-12.9167,78.42,90,12,2.24,few clouds
170,Ponta Do Sol,PT,2021-12-05 08:11:42,32.6667,-17.1,65.03,69,100,7.78,overcast clouds
171,Galle,LK,2021-12-05 08:11:43,6.0367,80.217,83.23,75,30,7.83,scattered clouds
172,Monteria,CO,2021-12-05 08:11:44,8.748,-75.8814,75.18,93,100,5.32,overcast clouds
173,East London,ZA,2021-12-05 08:11:46,-33.0153,27.9116,70.2,94,100,17.94,light rain
174,Lata,PT,2021-12-05 08:11:47,40.1629,-8.3327,51.93,83,99,6.91,overcast clouds
175,Lorengau,PG,2021-12-05 08:03:16,-2.0226,147.2712,83.07,81,100,13.04,moderate rain
176,Boda,CF,2021-12-05 08:11:50,4.3189,17.4695,85.82,52,53,0.78,broken clouds
177,Mastic Beach,US,2021-12-05 08:11:51,40.7668,-72.8521,43.02,64,1,1.01,clear sky
178,Santa Rosa,PH,2021-12-05 08:11:52,14.3122,121.1114,83.1,63,30,15.08,scattered clouds
179,Naze,JP,2021-12-05 08:08:19,28.3667,129.4833,61.27,68,100,15.05,overcast clouds
180,Flin Flon,CA,2021-12-05 08:11:55,54.7682,-101.865,-3.15,90,100,6.78,overcast clouds
181,Ereymentau,KZ,2021-12-05 08:11:57,51.6199,73.1033,30.22,89,100,1.86,overcast clouds
182,Mecca,SA,2021-12-05 08:00:29,21.4267,39.8261,81.48,49,0,2.37,clear sky
183,Upernavik,GL,2021-12-05 08:11:59,72.7868,-56.1549,22.77,80,100,9.15,overcast clouds
184,Provideniya,RU,2021-12-05 08:02:03,64.3833,-173.3,29.01,97,100,44.43,snow
185,Kralendijk,BQ,2021-12-05 08:12:02,12.15,-68.2667,80.58,74,20,16.11,few clouds
186,Syracuse,IT,2021-12-05 08:09:16,37.0881,15.2792,59.43,70,39,15.86,scattered clouds
187,Clyde River,CA,2021-12-05 08:04:54,70.4692,-68.5914,7.12,87,100,33.87,overcast clouds
188,Kapaa,US,2021-12-05 08:07:58,22.0752,-159.319,64.72,72,75,5.75,broken clouds
189,Qaqortoq,GL,2021-12-05 08:12:07,60.7167,-46.0333,32.5,94,100,13.76,snow
190,Bosaso,SO,2021-12-05 08:12:08,11.2842,49.1816,81.73,49,67,11.65,broken clouds
191,Arlit,NE,2021-12-05 08:12:10,18.7369,7.3853,73.4,16,100,5.19,overcast clouds
192,Roald,NO,2021-12-05 08:12:11,62.5833,6.1333,37.33,75,75,8.05,light snow
193,Poum,NC,2021-12-05 08:03:49,-20.2333,164.0167,81.03,73,40,8.68,scattered clouds
194,Susangerd,IR,2021-12-05 08:12:14,31.5608,48.1831,64.42,20,100,2.04,overcast clouds
195,Ust-Nera,RU,2021-12-05 08:12:15,64.5667,143.2,-30.48,97,100,5.61,overcast clouds
196,Inirida,CO,2021-12-05 08:12:16,3.8653,-67.9239,71.13,98,100,0.74,overcast clouds
197,Ginir,ET,2021-12-05 08:12:18,7.1333,40.7,69.31,33,37,5.84,scattered clouds
198,Pisco,PE,2021-12-05 08:12:19,-13.7,-76.2167,66.25,82,20,2.3,few clouds
199,Poitiers,FR,2021-12-05 08:12:21,46.5833,0.3333,36.68,65,0,5.75,clear sky
200,Upington,ZA,2021-12-05 08:12:22,-28.4478,21.2561,68.38,40,20,3.44,few clouds
201,Berea,US,2021-12-05 08:12:23,41.3662,-81.8543,38.46,67,90,5.75,overcast clouds
202,Ahipara,NZ,2021-12-05 08:12:25,-35.1667,173.1667,66.61,91,11,10.04,few clouds
203,San Jose,US,2021-12-05 08:08:23,37.3394,-121.895,55.09,87,90,0.0,overcast clouds
204,Broken Hill,AU,2021-12-05 08:12:27,-31.95,141.4333,78.15,22,100,9.66,overcast clouds
205,Husavik,IS,2021-12-05 08:04:51,66.0449,-17.3389,20.28,72,76,17.34,broken clouds
206,Toba Tek Singh,PK,2021-12-05 08:12:31,30.9743,72.4827,77.9,16,0,2.59,clear sky
207,Presidencia Roque Saenz Pena,AR,2021-12-05 08:12:32,-26.7852,-60.4388,68.5,58,53,6.44,broken clouds
208,Teya,RU,2021-12-05 08:12:34,60.3778,92.6267,16.07,93,100,8.59,light snow
209,Sao Filipe,CV,2021-12-05 08:12:35,14.8961,-24.4956,74.91,75,99,10.51,overcast clouds
210,Liverpool,GB,2021-12-05 08:12:38,53.4106,-2.9779,42.69,83,75,11.01,broken clouds
211,Sao Joao Batista,BR,2021-12-05 08:12:39,-27.2761,-48.8494,71.78,99,100,1.03,overcast clouds
212,Kirishi,RU,2021-12-05 08:12:41,59.4471,32.0205,6.69,88,100,7.47,overcast clouds
213,Sioux Lookout,CA,2021-12-05 08:12:42,50.1001,-91.917,5.77,97,100,4.32,overcast clouds
214,Sawtell,AU,2021-12-05 08:12:44,-30.3833,153.1,64.42,88,90,9.22,overcast clouds
215,Sant Julia De Loria,AD,2021-12-05 08:12:45,42.4625,1.4825,33.84,91,91,4.05,snow
216,Horsham,GB,2021-12-05 08:12:47,51.064,-0.3272,42.03,84,75,18.41,broken clouds
217,Yulara,AU,2021-12-05 08:12:48,-25.2406,130.9889,86.43,26,100,10.8,overcast clouds
218,Talnakh,RU,2021-12-05 08:12:49,69.4865,88.3972,-30.8,98,100,9.6,overcast clouds
219,Chuy,UY,2021-12-05 08:12:51,-33.6971,-53.4616,61.18,93,23,3.58,few clouds
220,Tomatlan,MX,2021-12-05 08:06:17,19.9333,-105.25,70.43,92,68,2.82,broken clouds
221,Preobrazheniye,RU,2021-12-05 08:12:12,42.9019,133.9064,31.6,70,10,9.35,clear sky
222,Sept-Iles,CA,2021-12-05 08:02:02,50.2001,-66.3821,16.95,67,99,5.53,overcast clouds
223,Richards Bay,ZA,2021-12-05 08:08:19,-28.783,32.0377,78.37,75,100,7.02,overcast clouds
224,Alofi,NU,2021-12-05 08:12:57,-19.0595,-169.9187,79.3,81,100,3.2,light rain
225,Oudtshoorn,ZA,2021-12-05 08:12:58,-33.5907,22.2014,64.76,64,59,1.54,broken clouds
226,Podgornoye,RU,2021-12-05 08:13:00,51.735,39.1496,30.42,80,0,2.24,clear sky
227,Turukhansk,RU,2021-12-05 08:13:01,65.8167,87.9833,-39.39,100,27,3.29,scattered clouds
228,Sedona,US,2021-12-05 08:13:02,34.8697,-111.761,51.55,49,1,1.99,clear sky
229,Yichun,CN,2021-12-05 08:10:04,47.7,128.9,22.3,85,18,7.07,few clouds
230,Codrington,AU,2021-12-05 08:05:09,-38.2667,141.9667,57.83,56,0,14.52,clear sky
231,Mount Pleasant,US,2021-12-05 08:13:06,32.7941,-79.8626,57.99,97,20,0.0,mist
232,Makakilo City,US,2021-12-05 08:13:07,21.3469,-158.0858,71.92,77,90,8.05,light rain
233,Singarayakonda,IN,2021-12-05 08:13:09,15.25,80.0333,85.53,54,0,5.59,clear sky
234,Carballo,ES,2021-12-05 08:13:10,43.213,-8.691,51.76,91,96,8.23,light rain
235,Port Hedland,AU,2021-12-05 08:13:13,-20.3167,118.5667,100.45,28,9,26.46,clear sky
236,Nishihara,JP,2021-12-05 08:10:58,26.1842,127.7558,69.08,50,40,14.97,scattered clouds
237,Charters Towers,AU,2021-12-05 08:13:15,-20.1,146.2667,87.15,45,80,18.54,broken clouds
238,Saskylakh,RU,2021-12-05 08:13:17,71.9167,114.0833,-16.92,96,100,13.31,overcast clouds
239,San Quintin,MX,2021-12-05 08:13:18,30.4833,-115.95,59.92,83,97,10.71,overcast clouds
240,San Policarpo,PH,2021-12-05 08:13:20,12.1791,125.5072,79.9,75,71,18.1,broken clouds
241,Jurado,CO,2021-12-05 08:13:21,7.1053,-77.7641,75.15,94,94,3.31,light rain
242,Marrakesh,MA,2021-12-05 08:13:22,31.6315,-8.0083,41.07,87,0,3.44,clear sky
243,Balkanabat,TM,2021-12-05 08:13:24,39.5108,54.3671,56.26,34,2,8.52,clear sky
244,Half Moon Bay,US,2021-12-05 08:06:13,37.4636,-122.4286,54.34,91,90,1.01,overcast clouds
245,Bjornevatn,NO,2021-12-05 08:13:26,69.6672,29.9847,1.74,85,26,11.5,scattered clouds
246,Vestmanna,FO,2021-12-05 08:13:28,62.1564,-7.1664,34.72,69,20,6.91,few clouds
247,Manati,PR,2021-12-05 08:13:29,18.4275,-66.4921,76.98,98,42,9.33,scattered clouds
248,Komyshnya,UA,2021-12-05 08:13:31,50.1859,33.684,31.14,71,7,4.54,clear sky
249,Nanortalik,GL,2021-12-05 08:13:32,60.1432,-45.2371,30.81,82,100,19.44,snow
250,Faya,SA,2021-12-05 08:13:33,18.3851,42.4509,72.12,25,0,4.05,clear sky
251,Boende,CD,2021-12-05 08:13:35,-0.2167,20.8667,74.75,88,100,3.91,overcast clouds
252,Jaguaruna,BR,2021-12-05 08:13:37,-28.615,-49.0256,64.94,95,99,5.35,overcast clouds
253,Sooke,CA,2021-12-05 08:13:39,48.3746,-123.7276,38.77,95,61,7.4,broken clouds
254,Kontagora,NG,2021-12-05 08:13:40,10.3999,5.4695,81.14,21,84,9.37,broken clouds
255,Karpathos,GR,2021-12-05 08:13:43,35.507,27.2132,62.56,77,75,6.91,broken clouds
256,Wolnzach,DE,2021-12-05 08:13:44,48.6038,11.6257,38.39,94,75,3.44,broken clouds
257,Brae,GB,2021-12-05 08:13:45,60.3964,-1.353,37.31,64,93,21.9,overcast clouds
258,Gat,IL,2021-12-05 08:09:36,31.61,34.7642,69.78,40,3,13.31,clear sky
259,Morehead,US,2021-12-05 08:13:48,37.2711,-87.1764,47.98,61,90,5.75,overcast clouds
260,Rawson,AR,2021-12-05 08:13:49,-43.3002,-65.1023,66.43,39,0,9.73,clear sky
261,Tuktoyaktuk,CA,2021-12-05 08:13:52,69.4541,-133.0374,-19.8,87,10,6.85,clear sky
262,Sao Joao Da Barra,BR,2021-12-05 08:13:53,-21.6403,-41.0511,70.05,87,2,3.8,clear sky
263,Aksu,CN,2021-12-05 08:10:25,41.1231,80.2644,39.22,30,76,1.86,broken clouds
264,Sulangan,PH,2021-12-05 08:13:56,11.1373,123.7228,82.11,68,99,22.39,overcast clouds
265,Camapua,BR,2021-12-05 08:13:58,-19.5314,-54.0439,73.02,67,46,3.65,scattered clouds
266,San Andres,CO,2021-12-05 08:14:00,12.5847,-81.7006,80.62,78,75,11.5,broken clouds
267,Tocopilla,CL,2021-12-05 08:14:01,-22.092,-70.1979,67.41,66,82,5.86,broken clouds
268,Bud,US,2021-12-05 08:14:03,39.447,-86.1758,35.85,70,45,7.76,scattered clouds
269,Ebolowa,CM,2021-12-05 08:14:05,2.9,11.15,76.89,84,99,0.83,light rain
270,Arcata,US,2021-12-05 08:09:59,40.8665,-124.0828,49.68,95,65,3.74,broken clouds
271,Suicheng,CN,2021-12-05 08:14:08,33.8963,117.9331,56.98,33,0,4.99,clear sky
272,Tautira,PF,2021-12-05 08:14:09,-17.7333,-149.15,77.02,72,65,13.38,broken clouds
273,Lebu,CL,2021-12-05 08:14:11,-37.6167,-73.65,52.7,82,5,15.43,clear sky
274,Los Llanos De Aridane,ES,2021-12-05 08:14:12,28.6585,-17.9182,62.35,67,40,10.0,scattered clouds
275,Norman Wells,CA,2021-12-05 08:14:13,65.282,-126.8329,-24.72,88,3,2.44,clear sky
276,Chippewa Falls,US,2021-12-05 08:10:01,44.9369,-91.3929,28.58,90,90,9.22,snow
277,Asau,RO,2021-12-05 08:14:16,46.4333,26.4,37.96,70,100,2.17,overcast clouds
278,Longyearbyen,SJ,2021-12-05 08:14:17,78.2186,15.6401,19.24,68,75,11.5,light shower snow
279,Cumra,TR,2021-12-05 08:14:19,37.5732,32.7745,50.14,45,100,6.17,overcast clouds
280,Calais,FR,2021-12-05 08:14:20,50.9167,1.8333,42.82,83,100,19.48,overcast clouds
281,Aquin,HT,2021-12-05 08:14:21,18.2833,-73.4,75.38,82,76,4.14,broken clouds
282,Ostrovnoy,RU,2021-12-05 08:14:23,68.0531,39.5131,5.16,93,80,9.57,broken clouds
283,Yining,CN,2021-12-05 08:14:24,29.0361,114.5636,63.12,35,0,0.81,clear sky
284,Beringovskiy,RU,2021-12-05 08:12:09,63.05,179.3167,30.92,99,100,5.39,light snow
285,Colorado,BR,2021-12-05 08:14:27,-22.8375,-51.9731,69.06,64,100,12.12,overcast clouds
286,Bengkulu,ID,2021-12-05 08:14:28,-3.8004,102.2655,77.74,86,100,9.73,overcast clouds
287,Narsaq,GL,2021-12-05 08:14:30,60.9167,-46.05,32.22,97,100,14.32,snow
288,Bethel,US,2021-12-05 08:11:11,41.3712,-73.414,41.49,54,1,3.0,clear sky
289,Lida,BY,2021-12-05 08:14:32,53.8833,25.2997,27.68,89,56,4.74,broken clouds
290,Port-Gentil,GA,2021-12-05 08:14:34,-0.7193,8.7815,80.56,89,75,4.61,light rain
291,College,US,2021-12-05 08:14:35,64.8569,-147.8028,-3.1,75,90,0.0,light snow
292,Asyut,EG,2021-12-05 08:14:37,27.181,31.1837,63.7,38,100,15.68,overcast clouds
293,Linqing,CN,2021-12-05 08:14:39,36.8456,115.7117,53.2,39,0,9.66,clear sky
294,Brazzaville,CG,2021-12-05 08:14:42,-4.2658,15.2832,81.23,75,99,1.16,overcast clouds
295,Ayolas,PY,2021-12-05 08:14:43,-27.4,-56.9,68.74,74,34,5.39,scattered clouds
296,Santa Marta,CO,2021-12-05 08:14:45,11.2408,-74.199,78.33,80,100,13.06,overcast clouds
297,Peravurani,IN,2021-12-05 08:14:48,10.3,79.1833,86.85,61,38,3.71,scattered clouds
298,Caravelas,BR,2021-12-05 08:14:49,-17.7125,-39.2481,70.84,93,96,2.86,overcast clouds
299,Chimbote,PE,2021-12-05 08:14:51,-9.0853,-78.5783,65.37,87,100,6.67,overcast clouds
300,Ambunti,PG,2021-12-05 08:14:53,-4.2365,142.8448,82.69,80,100,1.72,overcast clouds
301,San Patricio,US,2021-12-05 08:14:54,28.017,-97.5169,73.26,93,26,7.49,scattered clouds
302,Viking,CA,2021-12-05 08:12:47,53.1001,-111.7684,10.26,94,100,11.23,overcast clouds
303,Talara,PE,2021-12-05 08:14:57,-4.5772,-81.2719,67.17,80,96,13.53,overcast clouds
304,Farmington,US,2021-12-05 08:10:15,36.7281,-108.2187,40.21,64,1,0.0,clear sky
305,Roma,US,2021-12-05 08:15:00,43.2128,-75.4557,35.65,90,90,9.22,light snow
306,Calvinia,ZA,2021-12-05 08:15:02,-31.4707,19.776,57.87,62,100,7.0,light rain
307,Vrangel,RU,2021-12-05 08:15:03,42.7297,133.0839,33.75,66,72,2.93,broken clouds
308,Lima,PE,2021-12-05 08:15:05,-12.0432,-77.0282,66.9,83,90,10.36,overcast clouds
309,Fairbanks,US,2021-12-05 08:15:07,64.8378,-147.7164,-3.08,75,90,0.0,light snow
310,Ha Giang,VN,2021-12-05 08:15:08,22.8333,104.9833,74.53,50,50,2.64,scattered clouds
311,Kimparana,ML,2021-12-05 08:15:10,12.8347,-4.9244,77.13,14,54,5.66,broken clouds
312,Nemuro,JP,2021-12-05 08:15:12,43.3236,145.575,35.37,46,3,9.13,clear sky
313,Uthal,PK,2021-12-05 08:15:13,25.8072,66.6219,81.93,33,0,8.93,clear sky
314,Orange,US,2021-12-05 08:14:07,33.7,-117.7675,57.38,89,1,0.0,haze
315,Russell,US,2021-12-05 08:15:16,32.3502,-85.1999,61.83,96,40,0.0,fog
316,Emirdag,TR,2021-12-05 08:15:18,39.0197,31.15,49.5,85,88,1.59,overcast clouds
317,Arman,RU,2021-12-05 08:15:20,59.7,150.1667,-14.93,97,64,5.79,broken clouds
318,Arvika,SE,2021-12-05 08:15:21,59.6553,12.5852,20.1,88,55,6.49,broken clouds
319,Vadso,NO,2021-12-05 08:15:23,70.0744,29.7487,2.28,79,22,25.32,few clouds
320,Gobabis,NA,2021-12-05 08:15:24,-22.45,18.9667,76.5,12,2,9.78,clear sky
321,Ayan,RU,2021-12-05 08:15:28,56.45,138.1667,21.49,66,91,9.48,overcast clouds
322,Juneau,US,2021-12-05 08:15:21,58.3019,-134.4197,23.05,87,75,8.05,broken clouds
323,Mariental,NA,2021-12-05 08:15:32,-24.6333,17.9667,67.91,28,0,5.61,clear sky
324,Pilar,BR,2021-12-05 08:13:56,-9.5972,-35.9567,76.93,91,82,3.91,broken clouds
325,Nisia Floresta,BR,2021-12-05 08:15:35,-6.0911,-35.2086,80.98,92,53,6.8,broken clouds
326,Fougamou,GA,2021-12-05 08:15:37,-1.2154,10.5838,81.63,79,100,2.15,overcast clouds
327,Lompoc,US,2021-12-05 08:15:39,34.6391,-120.4579,54.93,87,90,0.0,fog
328,Stornoway,GB,2021-12-05 08:15:41,58.2093,-6.3865,37.36,82,75,5.75,broken clouds
329,Khani,GE,2021-12-05 08:15:43,41.9563,42.9566,49.57,37,100,3.44,overcast clouds
330,Takaka,NZ,2021-12-05 08:15:44,-40.85,172.8,67.96,98,100,9.84,overcast clouds
331,Barranca,PE,2021-12-05 08:15:46,-10.75,-77.7667,65.41,86,100,5.95,overcast clouds
332,Cayenne,GF,2021-12-05 08:15:48,4.9333,-52.3333,75.24,93,75,0.0,broken clouds
333,Hurth,DE,2021-12-05 08:15:49,50.8708,6.8676,40.89,84,40,3.44,scattered clouds
334,Margate,GB,2021-12-05 08:15:51,51.3813,1.3862,40.86,89,97,5.99,overcast clouds
335,Atar,MR,2021-12-05 08:13:35,20.5169,-13.0499,68.74,17,100,8.39,overcast clouds
336,Pochutla,MX,2021-12-05 08:15:54,15.7432,-96.4661,71.82,58,0,3.33,clear sky
337,Berlevag,NO,2021-12-05 08:15:56,70.8578,29.0864,16.41,83,57,23.58,broken clouds
338,Luganville,VU,2021-12-05 08:15:58,-15.5333,167.1667,79.21,77,6,5.59,clear sky
339,Haimen,CN,2021-12-05 08:15:59,23.1935,116.6142,73.29,56,68,13.96,broken clouds
340,Padang,ID,2021-12-05 08:16:01,-0.9492,100.3543,82.45,87,100,1.68,light rain
341,Cuamba,MZ,2021-12-05 08:16:03,-14.8031,36.5372,89.4,35,3,7.31,clear sky
342,Noumea,NC,2021-12-05 08:12:53,-22.2763,166.4572,82.0,99,24,12.24,few clouds
343,Ormoz,SI,2021-12-05 08:16:06,46.4114,16.1544,38.39,97,100,1.39,moderate rain
344,Millinocket,US,2021-12-05 08:16:08,45.6573,-68.7098,24.82,92,90,0.0,overcast clouds
345,Airai,TL,2021-12-05 08:16:10,-8.9266,125.4092,66.97,87,100,2.15,overcast clouds
346,Uyuni,BO,2021-12-05 08:16:11,-20.4597,-66.825,48.87,75,100,8.37,overcast clouds
347,Saint-Pierre,RE,2021-12-05 08:16:13,-21.3393,55.4781,85.68,66,0,5.75,clear sky
348,Dorado,PR,2021-12-05 08:16:15,18.4588,-66.2677,77.14,96,36,9.73,scattered clouds
349,Raudeberg,NO,2021-12-05 08:16:17,61.9875,5.1352,36.19,92,100,1.99,light snow
350,Katherine,AU,2021-12-05 08:16:18,-14.4667,132.2667,79.12,83,40,8.05,light intensity shower rain
351,Dwarka,IN,2021-12-05 08:16:20,22.2394,68.9678,79.34,37,0,12.3,clear sky
352,Lesosibirsk,RU,2021-12-05 08:16:22,58.2358,92.4828,22.89,94,100,8.68,light snow
353,Oranjemund,NA,2021-12-05 08:16:23,-28.55,16.4333,66.85,62,84,11.72,broken clouds
354,Mount Gambier,AU,2021-12-05 08:16:25,-37.8333,140.7667,59.0,55,0,11.92,clear sky
355,Kollo,NE,2021-12-05 08:16:28,13.3043,2.339,77.67,15,100,9.48,overcast clouds
356,Bassila,BJ,2021-12-05 08:16:30,9.0081,1.6654,79.21,19,100,5.14,overcast clouds
357,Douglas,US,2021-12-05 08:16:19,41.3,-96.167,42.1,56,90,5.01,overcast clouds
358,Makarov,RU,2021-12-05 08:16:33,48.6333,142.8,23.85,72,9,13.35,clear sky
359,Bryan,US,2021-12-05 08:16:36,30.6744,-96.37,71.22,85,90,5.75,overcast clouds
360,Matehuala,MX,2021-12-05 08:16:38,23.65,-100.65,58.12,64,86,6.6,overcast clouds
361,Tallahassee,US,2021-12-05 08:12:13,30.4383,-84.2807,62.44,96,90,0.0,fog
362,Riverton,US,2021-12-05 08:13:15,40.5219,-111.9391,48.85,63,1,7.0,clear sky
363,Indiaroba,BR,2021-12-05 08:16:42,-11.5192,-37.5117,72.45,96,41,2.33,scattered clouds
364,Otjiwarongo,NA,2021-12-05 08:16:44,-20.4637,16.6477,78.46,8,0,10.02,clear sky
365,San Felipe,VE,2021-12-05 08:16:46,10.3399,-68.7425,72.63,93,100,3.13,overcast clouds
366,Jalu,LY,2021-12-05 08:16:48,29.0331,21.5482,62.02,57,1,9.55,clear sky
367,Wanning,CN,2021-12-05 08:12:41,18.8003,110.3967,73.27,63,77,16.82,broken clouds
368,Mashhad,IR,2021-12-05 08:16:52,36.297,59.6062,48.34,93,0,4.61,mist
369,Pontianak,ID,2021-12-05 08:16:54,-0.0333,109.3333,85.98,74,75,13.8,broken clouds
370,Leningradskiy,RU,2021-12-05 08:16:55,69.3833,178.4167,-7.46,98,100,5.28,overcast clouds
371,Pedernales,DO,2021-12-05 08:16:57,18.0384,-71.744,77.54,66,14,3.06,few clouds
372,San Carlos De Bariloche,AR,2021-12-05 08:16:18,-41.1456,-71.3082,44.35,61,0,5.75,clear sky
373,Gualeguaychu,AR,2021-12-05 08:17:00,-33.0094,-58.5172,65.03,90,96,4.61,overcast clouds
374,Albanel,CA,2021-12-05 08:17:02,48.8832,-72.4487,1.54,78,89,4.61,overcast clouds
375,Okoneshnikovo,RU,2021-12-05 08:17:06,54.8377,75.0834,30.87,91,100,13.09,overcast clouds
376,Umm Lajj,SA,2021-12-05 08:17:08,25.0213,37.2685,81.75,52,3,16.46,clear sky
377,Yeniseysk,RU,2021-12-05 08:17:10,58.4497,92.1703,22.8,95,100,8.01,light snow
378,Turayf,SA,2021-12-05 08:17:12,31.6725,38.6637,64.65,42,40,13.8,scattered clouds
379,Norman,US,2021-12-05 08:17:13,35.2226,-97.4395,54.01,82,90,11.5,overcast clouds
380,Bagotville,AU,2021-12-05 08:17:15,-28.9833,153.4167,69.82,93,73,12.66,broken clouds
381,Aklavik,CA,2021-12-05 08:17:17,68.2191,-135.0107,-15.77,84,7,6.64,clear sky
382,Gurgentepe,TR,2021-12-05 08:17:18,40.7883,37.6017,44.49,53,100,1.92,overcast clouds
383,San Cristobal,VE,2021-12-05 08:17:20,7.7669,-72.225,64.45,81,100,1.86,overcast clouds
384,Buala,SB,2021-12-05 08:16:16,-8.145,159.5921,80.87,83,100,6.42,light rain
385,Yalova,TR,2021-12-05 08:17:23,40.655,29.2769,58.14,79,26,5.08,scattered clouds
386,Slidell,US,2021-12-05 08:17:25,30.2752,-89.7812,64.98,92,90,1.99,fog
387,Sesheke,ZM,2021-12-05 08:17:27,-17.4759,24.2968,90.3,34,32,7.65,scattered clouds
388,Meulaboh,ID,2021-12-05 08:17:29,4.1363,96.1285,84.25,69,85,6.06,overcast clouds
389,Vanimo,PG,2021-12-05 08:17:30,-2.6741,141.3028,82.81,81,100,9.06,overcast clouds
390,Poronaysk,RU,2021-12-05 08:17:32,49.2167,143.1167,11.21,85,8,6.93,clear sky
391,Qianan,CN,2021-12-05 08:17:34,44.9932,124.0581,31.84,85,8,15.99,clear sky
392,Zhezkazgan,KZ,2021-12-05 08:17:36,47.8043,67.7144,32.04,87,100,4.52,snow
393,Talaya,RU,2021-12-05 08:17:37,61.3833,152.75,-40.05,100,75,1.5,broken clouds
394,Nantucket,US,2021-12-05 08:17:39,41.2835,-70.0995,42.91,63,1,16.11,clear sky
395,Patancheru,IN,2021-12-05 08:17:41,17.5314,78.265,86.86,39,0,7.56,clear sky
396,Grand-Santi,GF,2021-12-05 08:17:42,4.25,-54.3833,71.19,100,99,1.95,overcast clouds
397,Vrede,ZA,2021-12-05 08:17:44,-27.4257,29.1659,58.23,95,100,4.07,moderate rain
398,Kingsville,US,2021-12-05 08:17:46,27.5159,-97.8561,73.26,99,90,1.01,fog
399,Aykhal,RU,2021-12-05 08:17:48,66.0,111.5,-31.59,100,100,5.84,overcast clouds
400,Edd,ER,2021-12-05 08:17:49,13.9297,41.6925,88.16,37,0,13.89,clear sky
401,Havelock,US,2021-12-05 08:14:53,34.8791,-76.9013,53.58,92,100,3.0,overcast clouds
402,Blind River,CA,2021-12-05 08:17:55,46.1834,-82.9582,28.51,73,87,7.02,overcast clouds
403,Vanavara,RU,2021-12-05 08:17:57,60.34,102.2797,4.39,90,100,8.05,overcast clouds
404,Haines Junction,CA,2021-12-05 08:17:59,60.7522,-137.5108,-40.05,74,57,2.3,broken clouds
405,Cedar Falls,US,2021-12-05 08:17:56,42.5278,-92.4455,36.48,51,90,4.0,overcast clouds
406,Itarema,BR,2021-12-05 08:18:02,-2.9248,-39.9167,78.66,83,100,11.74,overcast clouds
407,Olinda,BR,2021-12-05 08:18:04,-8.0089,-34.8553,80.33,78,40,8.05,scattered clouds
408,Pravda,RU,2021-12-05 08:18:05,46.9396,142.009,28.4,74,99,17.11,overcast clouds
409,Ondangwa,NA,2021-12-05 08:18:07,-17.9167,15.95,80.6,5,0,13.8,clear sky
410,Miesbach,DE,2021-12-05 08:18:09,47.789,11.8338,34.99,93,100,2.75,overcast clouds
411,Meliti,GR,2021-12-05 08:18:10,40.8333,21.5833,45.77,71,1,3.58,clear sky
412,Miyoshi,JP,2021-12-05 08:18:12,35.0833,137.0667,50.86,54,98,3.49,overcast clouds
413,Cartagena,CO,2021-12-05 08:14:18,10.3997,-75.5144,78.42,89,20,4.61,few clouds
414,Prescott,US,2021-12-05 08:18:17,34.54,-112.4685,43.9,46,0,4.32,clear sky
415,Mao,ES,2021-12-05 08:18:18,39.8885,4.2658,54.16,62,20,14.97,few clouds
416,Trat,TH,2021-12-05 08:18:20,12.5,102.5,86.2,57,77,13.18,broken clouds
417,Hashtrud,IR,2021-12-05 08:18:22,37.4779,47.0508,47.17,20,63,8.39,broken clouds
418,Guaruja,BR,2021-12-05 08:18:25,-23.9931,-46.2564,73.17,26,78,3.83,broken clouds
419,Petropavlovka,RU,2021-12-05 08:18:26,50.6114,105.3196,21.65,81,7,2.64,clear sky
420,Topi,PK,2021-12-05 08:18:28,34.0704,72.6236,69.1,46,41,2.57,scattered clouds
421,Moctezuma,MX,2021-12-05 08:18:30,29.8,-109.6667,58.86,29,2,3.27,clear sky
422,Tiznit,MA,2021-12-05 08:18:31,29.5833,-9.5,52.92,53,21,0.96,few clouds
423,Gornyy,RU,2021-12-05 08:18:33,55.1153,83.9059,27.79,93,100,13.82,overcast clouds
424,Saint Anthony,US,2021-12-05 08:18:35,45.0205,-93.218,30.25,89,90,3.0,overcast clouds
425,Tarko-Sale,RU,2021-12-05 08:18:36,64.9225,77.785,-19.41,97,100,6.24,overcast clouds
426,Aksarka,RU,2021-12-05 08:18:38,66.5606,67.7975,-25.8,99,43,7.25,scattered clouds
427,Havoysund,NO,2021-12-05 08:13:45,70.9963,24.6622,20.28,88,92,18.37,overcast clouds
428,Berdigestyakh,RU,2021-12-05 08:18:41,62.0989,126.6992,0.28,98,100,1.41,light snow
429,Fukue,JP,2021-12-05 08:18:43,32.6881,128.8419,53.96,76,75,3.44,broken clouds
430,Whitianga,NZ,2021-12-05 08:18:44,-36.8333,175.7,69.03,94,30,6.55,scattered clouds
431,Evensk,RU,2021-12-05 08:18:46,61.95,159.2333,-10.79,77,31,8.28,scattered clouds
432,Chake Chake,TZ,2021-12-05 08:18:49,-5.2459,39.7666,84.54,63,19,3.83,light rain
433,Moussoro,TD,2021-12-05 08:18:51,13.6408,16.4901,82.0,13,17,16.2,few clouds
434,Lagoa,PT,2021-12-05 08:18:52,39.05,-27.9833,62.91,76,59,13.24,broken clouds
435,Shimanovsk,RU,2021-12-05 08:18:56,52.0,127.7,9.05,97,100,2.64,overcast clouds
436,Pauini,BR,2021-12-05 08:18:57,-7.7136,-66.9764,72.45,99,99,1.7,overcast clouds
437,Fort Nelson,CA,2021-12-05 08:15:36,58.8053,-122.7002,-22.41,76,1,5.75,clear sky
438,Socorro,US,2021-12-05 08:19:00,31.6546,-106.3033,61.88,43,75,0.0,broken clouds
439,Pangnirtung,CA,2021-12-05 08:19:02,66.1451,-65.7125,17.64,95,100,3.29,light snow
440,Storforshei,NO,2021-12-05 08:19:07,66.4043,14.5233,-0.85,95,5,6.29,clear sky
441,Omsukchan,RU,2021-12-05 08:19:09,62.5333,155.8,-34.06,99,61,3.71,broken clouds
442,Vila Velha,BR,2021-12-05 08:16:25,-20.3297,-40.2925,69.94,94,0,0.0,clear sky
443,Hami,CN,2021-12-05 08:16:26,42.8,93.45,34.97,41,47,1.45,scattered clouds
444,North Bend,US,2021-12-05 08:19:13,43.4065,-124.2243,51.93,97,90,14.97,mist
445,Muzhi,RU,2021-12-05 08:19:15,65.3667,64.6667,-22.43,99,100,0.83,overcast clouds
446,Callaway,US,2021-12-05 08:19:17,30.153,-85.5699,56.91,100,75,3.44,fog
447,Vuktyl,RU,2021-12-05 08:19:18,63.8567,57.3094,2.43,76,100,5.21,overcast clouds
448,Houma,US,2021-12-05 08:19:20,29.5958,-90.7195,61.0,99,9,1.01,clear sky
449,Dzerzhinsk,RU,2021-12-05 08:19:21,56.2389,43.4631,24.62,73,75,8.95,broken clouds
450,Chapais,CA,2021-12-05 08:19:23,49.7834,-74.8492,-15.02,100,78,3.89,broken clouds
451,Tungor,RU,2021-12-05 08:19:25,53.3808,142.9564,3.09,91,42,8.9,scattered clouds
452,Arrecife,ES,2021-12-05 08:17:46,28.963,-13.5477,64.47,72,40,9.22,scattered clouds
453,Plettenberg Bay,ZA,2021-12-05 08:19:28,-34.0527,23.3716,69.08,79,86,5.82,overcast clouds
454,Usinsk,RU,2021-12-05 08:19:30,65.9939,57.5281,-15.47,89,13,2.77,few clouds
455,Nalut,LY,2021-12-05 08:19:31,30.3333,10.85,47.1,41,0,7.61,clear sky
456,San Juan,AR,2021-12-05 08:19:33,-31.5375,-68.5364,63.66,68,78,5.91,broken clouds
457,Nhulunbuy,AU,2021-12-05 08:19:35,-12.2333,136.7667,84.81,79,40,6.91,scattered clouds
458,Opuwo,NA,2021-12-05 08:19:36,-18.0607,13.84,82.54,21,29,7.14,scattered clouds
459,Tanglad,PH,2021-12-05 08:19:38,11.2917,125.5768,77.43,85,97,14.14,overcast clouds
460,Ozernovskiy,RU,2021-12-05 08:19:40,51.5,156.5167,28.53,67,100,20.51,light snow
461,Popondetta,PG,2021-12-05 08:19:41,-8.7537,148.2534,76.53,95,100,2.17,overcast clouds
462,Puerto Madryn,AR,2021-12-05 08:19:43,-42.7692,-65.0385,66.33,38,0,19.62,clear sky
463,Pak Chong,TH,2021-12-05 08:16:33,14.708,101.4161,73.63,47,91,13.38,overcast clouds
464,Stromness,GB,2021-12-05 08:19:48,58.965,-3.296,42.76,56,86,23.44,overcast clouds
465,Seymchan,RU,2021-12-05 08:19:49,62.8833,152.4333,-46.28,99,65,0.4,broken clouds
466,Burriana,ES,2021-12-05 08:19:51,39.889,-0.085,56.66,42,0,24.16,clear sky
467,Apiai,BR,2021-12-05 08:19:53,-24.5094,-48.8425,57.94,95,99,1.43,overcast clouds
468,Carauari,BR,2021-12-05 08:19:54,-4.8828,-66.8958,72.99,99,100,2.57,overcast clouds
469,Minusinsk,RU,2021-12-05 08:19:56,53.7103,91.6875,32.02,73,74,1.97,broken clouds
470,Shishou,CN,2021-12-05 08:19:58,29.7226,112.419,65.5,17,0,1.7,clear sky
471,Geraldton,AU,2021-12-05 08:19:59,-28.7667,114.6,81.01,54,0,23.02,clear sky
472,Hasaki,JP,2021-12-05 08:20:01,35.7333,140.8333,46.8,56,100,9.28,overcast clouds
473,Gladstone,AU,2021-12-05 08:20:03,-23.85,151.25,78.73,73,40,12.66,light rain
474,Llodio,ES,2021-12-05 08:20:04,43.1432,-2.962,50.9,76,75,1.01,broken clouds
475,Puerto Escondido,MX,2021-12-05 08:20:06,15.85,-97.0667,76.89,65,0,4.32,clear sky
476,Severo-Kurilsk,RU,2021-12-05 08:20:09,50.6789,156.125,28.49,82,85,18.61,light snow
477,Tahoua,NE,2021-12-05 08:20:11,14.8888,5.2692,75.54,14,19,18.72,few clouds
478,Gayny,RU,2021-12-05 08:20:12,60.3071,54.3241,11.19,92,100,9.51,overcast clouds
479,Odweyne,SO,2021-12-05 08:20:14,9.4092,45.064,77.86,26,1,14.05,clear sky
480,Gradignan,FR,2021-12-05 08:20:17,44.7726,-0.6139,42.78,94,90,1.99,overcast clouds
481,Neiafu,TO,2021-12-05 08:20:19,-18.65,-173.9833,80.02,81,92,10.85,light rain
482,Guerrero Negro,MX,2021-12-05 08:20:20,27.9769,-114.0611,61.07,86,76,14.67,broken clouds
483,Broome,US,2021-12-05 08:20:22,42.2506,-75.833,33.91,69,1,1.01,clear sky
484,Salinas,US,2021-12-05 08:18:41,36.6777,-121.6555,55.0,87,75,0.0,mist
485,Baghdad,IQ,2021-12-05 08:20:27,33.3406,44.4009,60.71,39,100,8.05,overcast clouds
486,Harlingen,US,2021-12-05 08:20:28,26.1906,-97.6961,75.2,97,1,6.91,clear sky
487,Sarab,IR,2021-12-05 08:20:30,38.6066,44.9883,45.3,40,26,1.45,scattered clouds
488,Nabire,ID,2021-12-05 08:20:32,-3.3667,135.4833,78.15,91,100,9.28,overcast clouds
489,Takoradi,GH,2021-12-05 08:20:33,4.8845,-1.7554,82.49,75,27,5.97,scattered clouds
490,Kurtamysh,RU,2021-12-05 08:20:35,54.9103,64.4319,32.77,82,79,16.2,broken clouds
491,Thayetmyo,MM,2021-12-05 08:20:37,19.3167,95.1833,87.4,43,6,4.65,clear sky
492,Saint-Augustin,CA,2021-12-05 08:20:38,51.226,-58.6502,19.31,66,0,12.53,clear sky
493,Auki,SB,2021-12-05 08:20:40,-8.7676,160.7034,78.76,89,100,6.6,overcast clouds
494,Necochea,AR,2021-12-05 08:20:42,-38.5473,-58.7368,53.04,87,100,5.08,overcast clouds
495,Grand Gaube,MU,2021-12-05 08:20:43,-20.0064,57.6608,85.37,58,2,10.0,clear sky
496,Kutum,SD,2021-12-05 08:20:45,14.2,24.6667,74.86,20,6,10.25,clear sky
497,Songjianghe,CN,2021-12-05 08:20:47,42.1859,127.479,26.83,84,2,6.69,clear sky
498,Belaya Gora,RU,2021-12-05 08:20:48,68.5333,146.4167,-46.64,100,78,1.43,broken clouds
499,Cockburn Town,TC,2021-12-05 08:17:55,21.4612,-71.1419,79.79,75,13,20.31,few clouds
500,Cotonou,BJ,2021-12-05 08:20:51,6.3654,2.4183,82.38,89,20,5.75,few clouds
501,Ifakara,TZ,2021-12-05 08:20:53,-8.1333,36.6833,86.92,52,51,3.98,light rain
502,Mahibadhoo,MV,2021-12-05 08:20:55,3.7833,72.9667,82.89,72,35,14.7,scattered clouds
503,Vao,NC,2021-12-05 08:17:34,-22.6667,167.4833,77.23,85,100,16.96,overcast clouds
504,Lazaro Cardenas,MX,2021-12-05 08:20:58,17.9583,-102.2,74.12,86,8,3.8,clear sky
505,Ust-Tsilma,RU,2021-12-05 08:19:16,65.441,52.1498,11.62,96,100,1.72,snow
506,Boa Vista,BR,2021-12-05 08:21:01,2.8197,-60.6733,76.98,78,0,8.05,clear sky
507,Trzebiatow,PL,2021-12-05 08:21:03,54.0615,15.2648,33.85,81,100,13.35,overcast clouds
508,Vardo,NO,2021-12-05 08:21:04,70.3705,31.1107,19.81,70,27,32.37,scattered clouds
509,Nome,US,2021-12-05 08:19:19,64.5011,-165.4064,17.67,79,90,29.93,mist
510,San Ramon De La Nueva Oran,AR,2021-12-05 08:21:08,-23.1322,-64.326,76.37,89,100,1.77,overcast clouds
511,Taltal,CL,2021-12-05 08:20:20,-25.4,-70.4833,61.72,77,48,1.1,scattered clouds
512,Mbandaka,CD,2021-12-05 08:21:11,0.0487,18.2603,81.28,73,100,2.19,overcast clouds
513,Vestmannaeyjar,IS,2021-12-05 08:21:12,63.4427,-20.2734,42.91,72,100,40.29,overcast clouds
514,Aboso,GH,2021-12-05 08:16:26,5.3617,-1.9473,80.8,77,71,1.72,broken clouds
515,Chifeng,CN,2021-12-05 08:21:15,42.2683,118.9636,38.35,31,60,7.87,broken clouds
516,Misratah,LY,2021-12-05 08:21:17,32.3754,15.0925,58.1,49,3,15.14,clear sky
517,The Valley,AI,2021-12-05 08:21:19,18.217,-63.0578,80.1,76,3,19.57,clear sky
518,Ponazyrevo,RU,2021-12-05 08:21:20,58.3578,46.3142,4.68,85,33,4.97,scattered clouds
519,Cap Malheureux,MU,2021-12-05 08:21:22,-19.9842,57.6142,85.46,58,1,10.0,clear sky
520,Aromashevo,RU,2021-12-05 08:21:24,56.8602,68.6375,31.96,96,100,14.18,overcast clouds
521,Ayr,GB,2021-12-05 08:21:25,55.4627,-4.6339,39.09,86,20,2.3,few clouds
522,Klaksvik,FO,2021-12-05 08:21:27,62.2266,-6.589,36.52,57,97,16.75,overcast clouds
523,Lakselv,NO,2021-12-05 08:21:28,70.0513,24.9718,6.62,66,16,2.3,few clouds
524,Barcelos,PT,2021-12-05 08:20:32,41.5388,-8.6151,50.29,86,82,7.27,broken clouds
525,Kembe,CF,2021-12-05 08:21:32,4.6228,21.8865,87.4,52,58,1.92,broken clouds
526,Porto Novo,BJ,2021-12-05 08:21:33,6.4965,2.6036,82.22,71,100,3.31,overcast clouds
527,Urucara,BR,2021-12-05 08:21:35,-2.5364,-57.76,73.17,98,98,2.51,overcast clouds
528,Spassk,RU,2021-12-05 08:21:37,52.747,87.7545,29.14,88,95,1.59,overcast clouds
529,Ilinskiy,RU,2021-12-05 08:21:38,55.619,38.1182,30.38,93,75,2.24,broken clouds
530,Kirakira,SB,2021-12-05 08:21:40,-10.4544,161.9205,80.42,81,97,2.91,overcast clouds
531,Prince Rupert,CA,2021-12-05 08:21:42,54.3161,-130.3201,35.29,81,1,6.91,clear sky
532,Pangkalanbuun,ID,2021-12-05 08:17:31,-2.6833,111.6167,82.35,82,100,5.32,light rain
533,Altay,CN,2021-12-05 08:20:20,47.8667,88.1167,30.54,62,88,5.06,overcast clouds
534,Malabo,GQ,2021-12-05 08:21:48,3.75,8.7833,82.51,74,100,2.04,moderate rain
535,Mirabad,AF,2021-12-05 08:21:49,30.4362,61.8383,62.8,35,0,3.47,clear sky
536,Tazovskiy,RU,2021-12-05 08:21:51,67.4667,78.7,-28.19,100,79,6.67,broken clouds
537,Pacific Grove,US,2021-12-05 08:21:53,36.6177,-121.9166,54.61,91,1,1.99,mist
538,Ugoofaaru,MV,2021-12-05 08:21:59,5.6667,73.0,82.49,75,31,10.94,scattered clouds
539,Urucui,BR,2021-12-05 08:22:00,-7.2294,-44.5561,73.36,92,99,2.64,overcast clouds
540,Hirara,JP,2021-12-05 08:22:02,24.8,125.2833,70.07,60,75,14.97,broken clouds
541,Evanston,US,2021-12-05 08:22:04,42.0411,-87.6901,39.47,51,90,1.01,overcast clouds
542,Dingle,PH,2021-12-05 08:22:06,10.9995,122.6711,78.48,81,80,13.44,broken clouds
543,Madimba,TZ,2021-12-05 08:22:07,-10.4,40.3333,84.81,68,98,12.1,moderate rain
544,Kavaratti,IN,2021-12-05 08:22:09,10.5669,72.642,81.03,77,4,12.48,clear sky
545,Saint-Louis,SN,2021-12-05 08:22:10,16.3333,-15.0,69.44,14,100,10.29,overcast clouds
546,Rabo De Peixe,PT,2021-12-05 08:22:12,37.8,-25.5833,61.29,97,75,3.44,broken clouds
547,Walvis Bay,NA,2021-12-05 08:22:14,-22.9575,14.5053,65.35,68,0,3.44,clear sky
548,Ossora,RU,2021-12-05 08:22:16,59.2353,163.0719,18.72,68,100,15.5,overcast clouds
549,Manakara,MG,2021-12-05 08:22:17,-22.1333,48.0167,86.54,54,0,11.95,clear sky
550,Payson,US,2021-12-05 08:22:19,40.0444,-111.7321,46.58,70,1,3.0,clear sky
551,Beyneu,KZ,2021-12-05 08:22:20,45.3167,55.2,41.16,47,1,12.57,clear sky
552,Tateyama,JP,2021-12-05 08:22:22,34.9833,139.8667,53.02,69,100,15.79,overcast clouds
553,Hinton,CA,2021-12-05 08:22:24,53.4001,-117.5857,6.84,92,100,2.91,overcast clouds
554,Beyla,GN,2021-12-05 08:22:25,8.6833,-8.6333,74.07,55,97,2.3,overcast clouds
555,Krasnyy Oktyabr,RU,2021-12-05 08:22:27,56.1167,38.8833,24.28,92,100,2.77,light snow
556,Kununurra,AU,2021-12-05 08:22:29,-15.7667,128.7333,105.78,26,40,8.05,scattered clouds
557,Mehamn,NO,2021-12-05 08:22:32,71.0357,27.8492,19.13,85,71,21.63,broken clouds
558,Coromandel,BR,2021-12-05 08:18:09,-18.4733,-47.2003,63.63,93,23,4.97,few clouds
559,Mandalgovi,MN,2021-12-05 08:22:01,45.7625,106.2708,27.93,37,0,22.64,clear sky
560,Ippy,CF,2021-12-05 08:22:38,6.2679,21.2247,88.92,24,24,5.23,few clouds
561,Gigmoto,PH,2021-12-05 08:22:39,13.7796,124.39,79.48,71,16,14.09,few clouds
562,Mayumba,GA,2021-12-05 08:22:41,-3.432,10.6554,80.71,81,100,5.82,overcast clouds
563,Sumbe,AO,2021-12-05 08:22:43,-11.2061,13.8437,80.89,80,100,4.41,overcast clouds
564,Norrtalje,SE,2021-12-05 08:22:44,59.758,18.705,22.23,85,98,8.39,overcast clouds
565,Mount Isa,AU,2021-12-05 08:22:46,-20.7333,139.5,98.37,19,40,4.61,scattered clouds
566,Oktyabrskiy,RU,2021-12-05 08:22:48,54.4815,53.471,29.19,86,100,7.99,overcast clouds
567,Vila Franca Do Campo,PT,2021-12-05 08:22:49,37.7167,-25.4333,62.2,87,3,1.77,clear sky
568,Wawa,NG,2021-12-05 08:22:51,9.9022,4.4192,80.35,28,100,5.28,overcast clouds
569,Liaozhong,CN,2021-12-05 08:22:53,41.5061,122.7242,43.29,73,0,16.55,clear sky
570,Aljezur,PT,2021-12-05 08:22:54,37.3191,-8.8033,52.52,81,23,12.3,few clouds
571,Buenaventura,CO,2021-12-05 08:22:57,3.8801,-77.0312,72.36,95,69,1.92,broken clouds
572,Eskil,TR,2021-12-05 08:22:59,38.4017,33.4131,51.01,47,95,10.38,overcast clouds
573,Jagodina,RS,2021-12-05 08:23:01,43.9814,21.2622,34.86,81,91,7.34,overcast clouds
574,Miles City,US,2021-12-05 08:23:02,46.4083,-105.8406,36.57,64,90,14.97,overcast clouds
575,Yanam,IN,2021-12-05 08:23:04,16.7333,82.2167,91.8,68,91,4.63,overcast clouds
576,Ryotsu,JP,2021-12-05 08:23:05,38.0833,138.4333,42.76,62,56,2.15,broken clouds
577,Minab,IR,2021-12-05 08:23:07,27.1467,57.0801,80.1,24,3,6.04,clear sky
578,Monze,ZM,2021-12-05 08:23:09,-16.2833,27.4833,91.47,21,5,8.5,clear sky
579,Zhigansk,RU,2021-12-05 08:23:10,66.7697,123.3711,-14.03,98,100,7.45,overcast clouds
580,Neuquen,AR,2021-12-05 08:23:12,-38.9516,-68.0591,57.09,88,0,0.0,clear sky
581,Xai-Xai,MZ,2021-12-05 08:23:14,-25.0519,33.6442,93.02,39,52,5.32,broken clouds
582,Hamilton,US,2021-12-05 08:23:17,39.1834,-84.5333,37.04,73,39,1.01,scattered clouds
583,Clermont,FR,2021-12-05 08:23:18,49.5,2.4167,40.01,83,100,12.3,overcast clouds
584,Borovskoy,KZ,2021-12-05 08:23:20,53.8,64.15,30.74,79,97,15.93,overcast clouds
585,Ulenje,TZ,2021-12-05 08:23:22,-8.9333,33.6833,74.86,44,49,5.53,light rain
586,Deep River,CA,2021-12-05 08:23:23,46.1001,-77.4995,11.95,75,32,2.66,scattered clouds
587,Yabelo,ET,2021-12-05 08:23:25,4.8833,38.0833,72.1,32,44,17.92,scattered clouds
588,Galesong,ID,2021-12-05 08:23:27,-5.3166,119.3661,73.42,89,100,17.09,overcast clouds
589,Santa Cruz,BO,2021-12-05 08:22:03,-17.8,-63.1667,71.06,100,90,13.8,moderate rain
590,Kudahuvadhoo,MV,2021-12-05 08:23:30,2.6708,72.8944,82.17,78,97,15.48,overcast clouds
591,Veraval,IN,2021-12-05 08:23:31,20.9,70.3667,81.41,53,0,5.39,clear sky
592,Tarauaca,BR,2021-12-05 08:23:33,-8.1614,-70.7656,72.99,98,100,1.74,overcast clouds
593,Encruzilhada,BR,2021-12-05 08:23:35,-15.5314,-40.9094,63.81,99,72,3.06,broken clouds
594,Iguape,BR,2021-12-05 08:23:36,-24.7081,-47.5553,67.6,92,70,2.39,broken clouds
595,Nelson Bay,AU,2021-12-05 08:23:38,-32.7167,152.15,67.08,66,82,1.99,broken clouds
596,Luanda,AO,2021-12-05 08:23:40,-8.8368,13.2343,80.6,78,75,5.75,broken clouds
597,Pringsewu,ID,2021-12-05 08:23:41,-5.3582,104.9744,80.46,82,91,2.42,overcast clouds
598,Farafangana,MG,2021-12-05 08:23:43,-22.8167,47.8333,84.83,63,0,12.44,clear sky
599,Port Hardy,CA,2021-12-05 08:23:45,50.6996,-127.4199,41.0,86,1,8.05,clear sky
600,Puerto Montt,CL,2021-12-05 08:22:21,-41.4698,-72.9447,50.83,100,0,5.75,clear sky
601,Sidi Ali,DZ,2021-12-05 08:23:48,36.0998,0.4206,55.69,83,76,22.93,broken clouds
602,Concordia,AR,2021-12-05 08:19:57,-31.393,-58.0209,63.79,89,42,7.0,scattered clouds
603,Eyl,SO,2021-12-05 08:23:52,7.9803,49.8164,84.51,52,6,19.28,clear sky
604,Brand-Erbisdorf,DE,2021-12-05 08:23:54,50.8667,13.3333,36.52,84,100,10.11,overcast clouds
605,Matadi,CD,2021-12-05 08:23:55,-5.8167,13.45,81.68,86,100,2.13,overcast clouds
606,Puerto Leguizamo,CO,2021-12-05 08:23:57,-0.1934,-74.7819,70.43,99,98,0.85,overcast clouds
607,Maniitsoq,GL,2021-12-05 08:23:59,65.4167,-52.9,31.26,93,100,33.02,snow
608,Boguchany,RU,2021-12-05 08:24:00,58.3814,97.4531,20.16,92,100,10.83,light snow
609,Paseh,ID,2021-12-05 08:24:02,-7.1026,107.7641,72.48,86,100,3.18,overcast clouds
610,Ambulu,ID,2021-12-05 08:24:04,-8.345,113.6058,82.65,78,100,8.5,overcast clouds
611,Tres Palos,MX,2021-12-05 08:24:05,18.1833,-101.6167,70.3,82,15,2.35,few clouds
612,Khatassy,RU,2021-12-05 08:24:07,61.9036,129.6383,-20.22,99,100,1.9,overcast clouds
613,Konya,TR,2021-12-05 08:24:09,38.1667,32.5,47.68,64,91,4.41,overcast clouds
614,Towada,JP,2021-12-05 08:24:10,40.6127,141.2067,35.28,71,16,5.7,few clouds
615,Maracai,BR,2021-12-05 08:24:12,-22.6106,-50.6672,66.51,78,18,8.61,few clouds
616,Keti Bandar,PK,2021-12-05 08:24:14,24.1447,67.4497,79.72,43,0,10.67,clear sky
617,Podporozhye,RU,2021-12-05 08:24:15,60.9112,34.1706,-1.25,98,68,4.0,broken clouds
618,Sao Gabriel Da Cachoeira,BR,2021-12-05 08:24:17,-0.1303,-67.0892,71.83,99,100,0.38,overcast clouds
619,Niceville,US,2021-12-05 08:24:19,30.5169,-86.4822,61.05,96,90,3.44,fog
620,Antalaha,MG,2021-12-05 08:24:20,-14.9003,50.2788,84.79,59,14,10.76,few clouds
621,Lewisville,US,2021-12-05 08:22:19,33.0462,-96.9942,61.66,80,75,0.0,broken clouds
622,Bubaque,GW,2021-12-05 08:24:23,11.2833,-15.8333,80.04,70,81,10.07,broken clouds
623,Gombong,ID,2021-12-05 08:24:25,-7.6072,109.5142,81.01,78,100,7.14,overcast clouds
624,Dekar,BW,2021-12-05 08:24:26,-21.5333,21.9333,76.59,57,100,14.07,overcast clouds
625,Ca Mau,VN,2021-12-05 08:24:28,9.1769,105.15,83.91,50,74,5.57,broken clouds
626,Harper,LR,2021-12-05 08:24:30,4.375,-7.7169,80.85,80,59,3.0,light rain
627,Shingu,JP,2021-12-05 08:24:31,33.7333,135.9833,50.99,72,2,3.74,clear sky
628,Fare,PF,2021-12-05 08:24:33,-16.7,-151.0167,81.16,64,67,13.18,broken clouds
629,Diego De Almagro,CL,2021-12-05 08:24:35,-26.3667,-70.05,61.39,28,3,0.89,clear sky
630,Calvia,ES,2021-12-05 08:24:36,39.5657,2.5062,57.07,47,12,27.85,light rain
631,Maceio,BR,2021-12-05 08:21:49,-9.6658,-35.7353,78.24,88,75,2.3,broken clouds
632,Sochi,RU,2021-12-05 08:24:41,43.6,39.7303,53.69,68,100,9.93,overcast clouds
633,Valparaiso,CL,2021-12-05 08:24:43,-33.0393,-71.6273,56.84,47,0,4.61,clear sky
634,Namatanai,PG,2021-12-05 08:24:44,-3.6667,152.4333,78.58,90,100,9.64,moderate rain
635,Kurovskoye,RU,2021-12-05 08:24:48,55.5783,38.9108,28.92,90,100,4.61,overcast clouds
636,Omboue,GA,2021-12-05 08:24:49,-1.5746,9.2618,82.8,76,66,8.28,light rain
637,Carutapera,BR,2021-12-05 08:24:51,-1.195,-46.02,75.79,95,96,5.64,overcast clouds
638,Kagalnitskaya,RU,2021-12-05 08:24:52,46.8806,40.1466,50.88,74,100,19.15,overcast clouds
639,Chulman,RU,2021-12-05 08:24:54,56.8479,124.9104,9.75,97,100,3.94,light snow
640,Sri Aman,MY,2021-12-05 08:24:56,1.2376,111.4621,78.85,94,40,2.3,light intensity shower rain
641,High Level,CA,2021-12-05 08:24:57,58.5169,-117.136,-27.29,75,1,2.3,clear sky
642,Krasnyy Chikoy,RU,2021-12-05 08:24:59,50.3643,108.7512,23.54,86,75,7.45,broken clouds
643,Kano,NG,2021-12-05 08:25:01,12.0001,8.5167,66.09,32,68,5.75,broken clouds
644,Gorontalo,ID,2021-12-05 08:25:03,0.5412,123.0595,83.53,76,97,6.6,overcast clouds
645,Surgut,RU,2021-12-05 08:24:18,61.25,73.4167,0.09,77,90,13.0,snow
646,Birnin Kebbi,NG,2021-12-05 08:25:06,12.4539,4.1975,76.69,18,84,11.34,broken clouds
647,Sangar,RU,2021-12-05 08:41:31,63.9242,127.4739,-12.48,95,100,7.25,overcast clouds
648,Felanitx,ES,2021-12-05 08:41:35,39.4696,3.1483,58.95,58,16,21.52,few clouds
649,Salinopolis,BR,2021-12-05 08:37:26,-0.6136,-47.3561,77.68,89,89,8.41,overcast clouds
650,Tambura,SS,2021-12-05 08:41:37,5.6,27.4667,92.71,26,97,7.18,overcast clouds
651,Terrace Bay,CA,2021-12-05 08:41:39,48.7834,-87.1,13.62,81,99,4.92,overcast clouds
652,Yakeshi,CN,2021-12-05 08:41:42,49.2833,120.7333,10.06,96,48,6.55,scattered clouds
653,Laela,TZ,2021-12-05 08:41:44,-8.5667,32.05,80.69,38,34,9.4,scattered clouds
654,Nouadhibou,MR,2021-12-05 08:41:45,20.931,-17.0347,60.78,72,100,10.36,overcast clouds
655,Mizdah,LY,2021-12-05 08:41:47,31.4451,12.9801,49.89,45,0,13.8,clear sky
656,Amurzet,RU,2021-12-05 08:41:48,47.6967,131.0981,7.36,97,8,4.07,clear sky
657,Petropavlovsk-Kamchatskiy,RU,2021-12-05 08:41:50,53.0452,158.6483,23.59,50,20,13.42,few clouds
658,Burdur,TR,2021-12-05 08:41:52,37.7203,30.2908,52.5,66,20,3.44,few clouds
659,Kargil,IN,2021-12-05 08:41:53,34.5667,76.1,24.96,64,99,2.19,overcast clouds
660,Rorvik,NO,2021-12-05 08:41:56,64.8621,11.2373,22.86,68,14,25.26,few clouds
661,Aasiaat,GL,2021-12-05 08:41:58,68.7098,-52.8699,35.55,45,76,35.08,broken clouds
662,Catuday,PH,2021-12-05 08:42:01,16.2923,119.8062,79.02,65,85,9.64,overcast clouds
663,Gazojak,TM,2021-12-05 08:42:03,41.1875,61.4036,43.47,59,7,3.51,clear sky
664,Eydhafushi,MV,2021-12-05 08:42:04,5.1033,73.0708,82.49,73,25,12.21,scattered clouds
665,Bangarapet,IN,2021-12-05 08:42:06,12.9667,78.2,83.39,55,54,6.04,broken clouds
666,Finnsnes,NO,2021-12-05 08:42:07,69.2296,17.9811,17.56,93,17,4.63,few clouds
667,Krabi,TH,2021-12-05 08:42:09,8.0726,98.9105,88.0,55,40,9.22,scattered clouds
668,Bourail,NC,2021-12-05 08:42:11,-21.5667,165.4833,80.26,74,25,5.66,scattered clouds
669,Mglin,RU,2021-12-05 08:42:12,53.0591,32.8475,28.36,92,83,7.7,broken clouds
670,Cangzhou,CN,2021-12-05 08:42:14,38.3167,116.8667,47.23,51,0,7.34,clear sky
671,Lahore,PK,2021-12-05 08:42:01,31.5497,74.3436,73.38,43,40,0.0,haze
672,Mackenzie,CA,2021-12-05 08:42:17,55.2999,-123.1698,7.02,92,1,0.0,clear sky
673,Terme,TR,2021-12-05 08:42:19,41.2092,36.9739,59.97,84,100,4.61,overcast clouds
674,El Limon,VE,2021-12-05 08:42:20,10.3059,-67.6321,68.99,83,37,3.38,scattered clouds
675,Vesoul,FR,2021-12-05 08:42:22,47.5833,5.8333,39.15,97,100,11.12,overcast clouds
676,Bay City,US,2021-12-05 08:40:18,43.5945,-83.8889,31.57,80,75,3.44,broken clouds
677,Mangrol,IN,2021-12-05 08:42:25,21.1167,70.1167,81.79,51,1,7.54,clear sky
678,Touros,BR,2021-12-05 08:42:27,-5.1989,-35.4608,79.7,78,45,13.0,scattered clouds
679,Livadiya,RU,2021-12-05 08:42:28,42.8692,132.6764,32.9,74,68,2.3,broken clouds
680,Fomboni,KM,2021-12-05 08:42:30,-12.28,43.7425,81.95,76,97,8.12,light rain
681,Henties Bay,NA,2021-12-05 08:42:33,-22.116,14.2845,62.85,62,0,10.2,clear sky
682,Montepuez,MZ,2021-12-05 08:42:34,-13.1256,38.9997,94.33,27,100,5.46,overcast clouds
683,Isangel,VU,2021-12-05 08:37:47,-19.55,169.2667,76.98,85,82,7.58,broken clouds
684,Calama,CL,2021-12-05 08:42:37,-22.4667,-68.9333,50.49,29,20,13.8,few clouds
685,Ust-Ilimsk,RU,2021-12-05 08:42:39,58.0006,102.6619,17.49,91,100,8.79,light snow
686,Kizukuri,JP,2021-12-05 08:39:15,40.8061,140.3861,37.11,61,74,7.25,broken clouds
687,Indaiatuba,BR,2021-12-05 08:42:42,-23.0903,-47.2181,66.74,82,0,12.66,clear sky
688,Sao Miguel Do Araguaia,BR,2021-12-05 08:42:44,-13.275,-50.1628,71.82,95,100,5.23,overcast clouds
689,San Clemente,US,2021-12-05 08:42:45,33.427,-117.612,58.87,92,4,3.0,clear sky
690,Labuan,MY,2021-12-05 08:42:47,5.2767,115.2417,88.16,70,20,5.01,few clouds
691,Westport,US,2021-12-05 08:42:50,41.1415,-73.3579,42.75,67,1,5.01,clear sky
692,Vilyuysk,RU,2021-12-05 08:42:52,63.7553,121.6247,-4.14,98,100,4.92,overcast clouds
693,Port Said,EG,2021-12-05 08:42:53,31.2565,32.2841,64.38,63,40,14.97,scattered clouds
694,Manzanillo,CU,2021-12-05 08:42:55,20.3433,-77.1167,70.41,94,100,7.0,overcast clouds
695,Portland,US,2021-12-05 08:41:50,45.5234,-122.6762,45.45,91,90,1.01,overcast clouds
696,Huambo,AO,2021-12-05 08:42:58,-12.7761,15.7392,67.8,83,40,0.0,moderate rain
697,Huilong,CN,2021-12-05 08:42:59,31.8111,121.655,62.04,64,100,8.95,overcast clouds
698,Oyama,JP,2021-12-05 08:43:01,36.3,139.8,50.04,47,5,7.83,clear sky
699,Oktyabrskoye,RU,2021-12-05 08:43:03,43.0645,44.7417,51.35,34,40,2.24,scattered clouds
700,Bonavista,CA,2021-12-05 08:43:04,48.6499,-53.1147,29.12,56,47,20.04,scattered clouds
